province_name_th,province_name_en,region,g1_energy,g2_water,g3_population,g4_education,g5_flood,g6_industrial,g7_highway,raw_mw,raw_water_sources,raw_population,raw_education,raw_flood_zone,raw_industrial,raw_boi,gate_passed_count,gate_status,lat,lng
กรุงเทพมหานคร,Bangkok,Central,1,0,1,1,0,1,ไม่มีข้อมูล,113.9,0,5455020,106,สูง,0,9,4,PASS,13.7563,100.5018
สมุทรปราการ,Samut Prakan,Central,1,0,1,1,1,1,ไม่มีข้อมูล,367.7,0,1370854,8,ปานกลาง,5,5,5,PASS,13.5991,100.5998
นนทบุรี,Nonthaburi,Central,0,0,1,1,0,0,ไม่มีข้อมูล,0.0,0,1306080,10,สูง,0,0,2,FAIL,13.8621,100.5144
ปทุมธานี,Pathum Thani,Central,1,1,1,1,0,1,ไม่มีข้อมูล,713.9,1,1217319,16,สูงมาก,0,2,5,PASS,14.0208,100.525
พระนครศรีอยุธยา,Phra Nakhon Si Ayutthaya,Central,1,0,1,1,0,1,ไม่มีข้อมูล,2405.13,0,820839,14,สูงมาก,3,0,4,PASS,14.3692,100.5877
อ่างทอง,Ang Thong,Central,1,0,0,1,0,1,ไม่มีข้อมูล,124.51,0,270309,4,สูง,1,0,3,PASS,14.5896,100.455
ลพบุรี,Lopburi,Central,1,1,1,1,0,0,ไม่มีข้อมูล,166.0,1,775400,10,สูง,0,0,4,PASS,14.7995,100.6534
สิงห์บุรี,Sing Buri,Central,0,0,0,1,0,0,ไม่มีข้อมูล,0.0,0,213717,5,สูงมาก,0,0,1,FAIL,14.8921,100.4009
ชัยนาท,Chainat,Central,0,0,0,1,0,0,ไม่มีข้อมูล,6.0,0,337398,4,สูง,0,0,1,FAIL,15.1851,100.1253
สระบุรี,Saraburi,Central,1,1,1,1,1,1,ไม่มีข้อมูล,4086.69,1,637573,10,ปานกลาง,2,0,6,PASS,14.5289,100.9105
ชลบุรี,Chonburi,East (EEC),1,1,1,1,1,1,ไม่มีข้อมูล,4554.42,2,1615570,23,ต่ำ,17,6,6,PASS,13.3611,100.9847
ระยอง,Rayong,East (EEC),1,1,1,1,1,1,ไม่มีข้อมูล,8643.5,5,770002,10,ต่ำ,14,4,6,PASS,12.6814,101.2816
จันทบุรี,Chanthaburi,East,0,0,1,1,1,0,ไม่มีข้อมูล,23.06,0,535610,10,ต่ำ,0,0,3,PASS,12.6111,102.1037
ตราด,Trat,East,0,0,0,1,1,0,ไม่มีข้อมูล,0.0,0,226702,4,ต่ำ,0,0,2,FAIL,12.2427,102.5177
ฉะเชิงเทรา,Chachoengsao,East (EEC),1,1,1,1,1,1,ไม่มีข้อมูล,222.14,1,729419,10,ปานกลาง,5,2,6,PASS,13.6904,101.0779
ปราจีนบุรี,Prachinburi,East,1,0,0,1,1,1,ไม่มีข้อมูล,246.57,0,498793,8,ปานกลาง,2,0,4,PASS,14.0528,101.3487
นครนายก,Nakhon Nayok,East,0,1,0,1,0,0,ไม่มีข้อมูล,0.0,2,259717,8,ไม่ระบุ,0,0,2,FAIL,14.2049,101.2131
สระแก้ว,Sa Kaeo,East,1,0,1,1,1,1,ไม่มีข้อมูล,128.0,0,562034,5,ต่ำ-ปานกลาง,1,0,5,PASS,13.8241,102.0645
นครราชสีมา,Nakhon Ratchasima,Northeast,1,1,1,1,1,0,ไม่มีข้อมูล,1227.9,2,2620172,25,ปานกลาง,0,0,5,PASS,14.9799,102.0978
บุรีรัมย์,Buri Ram,Northeast,0,0,1,1,1,0,ไม่มีข้อมูล,99.67,0,1570806,15,ปานกลาง,0,0,3,PASS,14.993,103.1029
สุรินทร์,Surin,Northeast,1,0,1,1,1,0,ไม่มีข้อมูล,106.95,0,1365733,14,ปานกลาง,0,0,4,PASS,14.8827,103.4937
ศรีสะเกษ,Si Sa Ket,Northeast,0,0,1,1,1,0,ไม่มีข้อมูล,0.0,0,1448101,14,ปานกลาง,0,0,3,PASS,15.1165,104.322
อุบลราชธานี,Ubon Ratchathani,Northeast,0,0,1,1,0,0,ไม่มีข้อมูล,0.0,0,1867942,19,ปานกลาง-สูง,0,0,2,FAIL,15.2287,104.8573
ยโสธร,Yasothon,Northeast,0,0,1,1,0,0,ไม่มีข้อมูล,0.0,0,548018,5,ไม่ระบุ,0,0,2,FAIL,15.7925,104.1451
ชัยภูมิ,Chaiyaphum,Northeast,1,0,1,1,0,0,ไม่มีข้อมูล,448.9,0,1111663,9,ไม่ระบุ,0,0,3,PASS,15.8068,102.0319
อำนาจเจริญ,Amnat Charoen,Northeast,0,0,0,1,1,0,ไม่มีข้อมูล,0.0,0,372490,4,ปานกลาง,0,0,2,FAIL,15.8656,104.6259
บึงกาฬ,Bueng Kan,Northeast,0,0,0,1,1,0,ไม่มีข้อมูล,0.0,0,411563,3,ปานกลาง,0,0,2,FAIL,18.3609,103.6461
หนองบัวลำภู,Nong Bua Lam Phu,Northeast,0,0,1,1,1,0,ไม่มีข้อมูล,0.0,0,526669,5,ปานกลาง,0,0,3,PASS,17.2033,102.426
ขอนแก่น,Khon Kaen,Northeast,0,1,1,1,1,0,ไม่มีข้อมูล,81.0,1,1772381,23,ปานกลาง,0,0,4,PASS,16.4322,102.8236
อุดรธานี,Udon Thani,Northeast,1,0,1,1,1,1,ไม่มีข้อมูล,149.5,0,1556124,18,ปานกลาง,1,0,5,PASS,17.4138,102.7872
เลย,Loei,Northeast,0,0,1,1,0,0,ไม่มีข้อมูล,67.0,0,642799,6,ไม่ระบุ,0,0,2,FAIL,17.486,101.7223
หนองคาย,Nong Khai,Northeast,0,0,1,1,1,0,ไม่มีข้อมูล,0.0,0,521087,5,ปานกลาง,0,0,3,PASS,17.8782,102.746
มหาสารคาม,Maha Sarakham,Northeast,0,0,1,1,1,0,ไม่มีข้อมูล,0.0,0,1011716,11,ปานกลาง,0,0,3,PASS,16.1852,103.3001
ร้อยเอ็ด,Roi Et,Northeast,0,0,1,1,1,0,ไม่มีข้อมูล,0.0,0,1282857,11,ปานกลาง,0,0,3,PASS,16.0538,103.652
กาฬสินธุ์,Kalasin,Northeast,0,0,1,1,0,0,ไม่มีข้อมูล,32.0,0,960522,8,ไม่ระบุ,0,0,2,FAIL,16.4337,103.5059
สกลนคร,Sakon Nakhon,Northeast,0,1,1,1,0,0,ไม่มีข้อมูล,0.0,1,1140897,7,ไม่ระบุ,0,0,3,PASS,17.1667,104.15
นครพนม,Nakhon Phanom,Northeast,0,0,1,1,0,0,ไม่มีข้อมูล,0.0,0,663545,7,สูง,0,0,2,FAIL,17.392,104.7693
มุกดาหาร,Mukdahan,Northeast,0,0,0,1,1,0,ไม่มีข้อมูล,44.85,0,342497,6,ปานกลาง,0,0,2,FAIL,16.5432,104.7234
เชียงใหม่,Chiang Mai,North,0,0,1,1,0,0,ไม่มีข้อมูล,0.0,0,1799019,21,ปานกลาง-สูง,0,0,2,FAIL,18.7883,98.9853
ลำพูน,Lamphun,North,0,0,0,1,1,1,ไม่มีข้อมูล,0.0,0,397825,7,ต่ำ,2,0,3,PASS,18.5748,99.0087
ลำปาง,Lampang,North,1,0,1,1,1,0,ไม่มีข้อมูล,128.4,0,710379,18,ปานกลาง,0,0,4,PASS,18.2888,99.4909
อุตรดิตถ์,Uttaradit,North,1,1,0,1,1,0,ไม่มีข้อมูล,127.01,1,438951,7,ต่ำ,0,0,4,PASS,17.6201,100.0993
แพร่,Phrae,North,0,0,0,1,0,0,ไม่มีข้อมูล,0.0,0,458298,11,ไม่ระบุ,0,0,1,FAIL,18.1446,100.1405
น่าน,Nan,North,0,0,0,1,1,0,ไม่มีข้อมูล,0.0,0,475049,7,ต่ำ,0,0,2,FAIL,18.7756,100.773
พะเยา,Phayao,North,1,0,1,1,1,0,ไม่มีข้อมูล,142.23,0,500215,9,ต่ำ-ปานกลาง,0,0,4,PASS,19.1664,99.9037
เชียงราย,Chiang Rai,North,0,0,1,1,1,0,ไม่มีข้อมูล,0.0,0,1296983,16,ปานกลาง,0,0,3,PASS,19.9105,99.8406
แม่ฮ่องสอน,Mae Hong Son,North,0,0,0,1,1,0,ไม่มีข้อมูล,0.0,0,287557,4,ต่ำ-ปานกลาง,0,0,2,FAIL,19.302,97.9654
นครสวรรค์,Nakhon Sawan,Central,1,0,1,1,0,0,ไม่มีข้อมูล,321.13,0,1020309,14,สูง,0,0,3,PASS,15.703,100.137
อุทัยธานี,Uthai Thani,Central,0,0,0,1,0,0,ไม่มีข้อมูล,20.0,0,319507,6,ไม่ระบุ,0,0,1,FAIL,15.3835,100.0248
กำแพงเพชร,Kamphaeng Phet,North,0,0,1,1,0,0,ไม่มีข้อมูล,20.0,0,699919,6,สูง,0,0,2,FAIL,16.4826,99.5226
ตาก,Tak,North,0,1,1,1,1,0,ไม่มีข้อมูล,0.0,1,697921,8,ต่ำ,0,0,4,PASS,16.8798,99.1268
สุโขทัย,Sukhothai,North,0,0,1,1,1,0,ไม่มีข้อมูล,82.37,0,553635,10,ปานกลาง,0,0,3,PASS,17.0063,99.8265
พิษณุโลก,Phitsanulok,North,1,0,1,1,0,0,ไม่มีข้อมูล,133.92,0,837707,14,สูง,0,0,3,PASS,16.8211,100.2659
พิจิตร,Phichit,North,0,0,1,1,0,1,ไม่มีข้อมูล,48.5,0,516203,5,สูง,1,0,3,PASS,16.4426,100.3489
เพชรบูรณ์,Phetchabun,North,1,0,1,1,0,0,ไม่มีข้อมูล,253.54,0,959518,10,สูง,0,0,3,PASS,16.4189,101.1553
ราชบุรี,Ratchaburi,West,1,0,1,1,1,1,ไม่มีข้อมูล,5986.94,0,863413,13,ปานกลาง,1,0,5,PASS,13.536,99.8175
กาญจนบุรี,Kanchanaburi,West,1,1,1,1,1,0,ไม่มีข้อมูล,270.65,2,893899,13,ต่ำ-ปานกลาง,0,0,5,PASS,14.0023,99.5484
สุพรรณบุรี,Suphan Buri,West,1,0,1,1,0,0,ไม่มีข้อมูล,264.01,0,825117,13,ไม่ระบุ,0,0,3,PASS,14.4745,100.1177
นครปฐม,Nakhon Pathom,Central,0,1,1,1,0,0,ไม่มีข้อมูล,0.0,1,923097,18,ปานกลาง-สูง,0,0,3,PASS,13.8199,100.0624
สมุทรสาคร,Samut Sakhon,Central,0,0,1,1,1,1,ไม่มีข้อมูล,0.0,0,591120,6,ปานกลาง,3,0,4,PASS,13.5478,100.2741
สมุทรสงคราม,Samut Songkhram,Central,0,0,0,1,1,0,ไม่มีข้อมูล,0.0,0,187703,5,ปานกลาง,0,0,2,FAIL,13.4098,100.0022
เพชรบุรี,Phetchaburi,West,0,1,0,1,1,0,ไม่มีข้อมูล,0.0,1,482924,13,ต่ำ,0,0,3,PASS,13.1119,99.9387
ประจวบคีรีขันธ์,Prachuap Khiri Khan,West,0,0,1,1,0,0,ไม่มีข้อมูล,0.0,0,550128,6,ไม่ระบุ,0,0,2,FAIL,11.8126,99.7975
นครศรีธรรมราช,Nakhon Si Thammarat,South,1,0,1,1,1,0,ไม่มีข้อมูล,1020.0,0,1538587,23,ปานกลาง,0,0,4,PASS,8.4304,99.9631
กระบี่,Krabi,South,0,0,0,1,1,0,ไม่มีข้อมูล,0.0,0,483255,6,ต่ำ,0,0,2,FAIL,8.0863,98.9063
พังงา,Phang Nga,South,0,0,0,1,0,0,ไม่มีข้อมูล,0.0,0,265590,6,ไม่ระบุ,0,0,1,FAIL,8.4511,98.5253
ภูเก็ต,Phuket,South,0,0,0,1,1,0,ไม่มีข้อมูล,0.0,0,377377,7,ต่ำ,0,0,2,FAIL,7.8804,98.3923
สุราษฎร์ธานี,Surat Thani,South,0,1,1,1,1,0,ไม่มีข้อมูล,9.9,2,1074127,14,ปานกลาง,0,0,4,PASS,9.1382,99.3214
ระนอง,Ranong,South,0,0,0,1,0,0,ไม่มีข้อมูล,0.0,0,223224,5,ไม่ระบุ,0,0,1,FAIL,9.9529,98.6083
ชุมพร,Chumphon,South,0,0,0,1,1,0,ไม่มีข้อมูล,0.0,0,443541,10,ต่ำ,0,0,2,FAIL,10.493,99.18
สงขลา,Songkhla,South,0,1,1,1,1,1,ไม่มีข้อมูล,59.0,2,1429761,22,ปานกลาง,3,0,5,PASS,7.1756,100.6143
สตูล,Satun,South,0,0,0,1,1,0,ไม่มีข้อมูล,0.0,0,332205,5,ต่ำ,0,0,2,FAIL,6.6238,100.0674
ตรัง,Trang,South,0,0,1,1,1,0,ไม่มีข้อมูล,0.0,0,615140,14,ต่ำ,0,0,3,PASS,7.5591,99.6113
พัทลุง,Phatthalung,South,0,0,1,1,1,0,ไม่มีข้อมูล,0.0,0,526453,7,ต่ำ,0,0,3,PASS,7.6166,100.074
ปัตตานี,Pattani,South,0,1,1,1,1,0,ไม่มีข้อมูล,23.0,1,739857,10,ต่ำ-ปานกลาง,0,0,4,PASS,6.8695,101.2503
ยะลา,Yala,South,0,0,1,1,1,0,ไม่มีข้อมูล,23.0,0,552146,13,ต่ำ-ปานกลาง,0,0,3,PASS,6.5407,101.2803
นราธิวาส,Narathiwat,South,0,0,1,1,1,0,ไม่มีข้อมูล,0.0,0,818560,5,ปานกลาง,0,0,3,PASS,6.4254,101.8253
